product_id,product_name,category,price,cost_price,current_stock,low_stock_threshold,date,units_sold,transactions,revenue,day_of_week,is_weekend
1,Coca-Cola 500ml,Beverage,1500.0,1000.0,92,20,2025-10-26,23.0,10,34500.0,6,1
1,Coca-Cola 500ml,Beverage,1500.0,1000.0,92,20,2025-10-27,24.0,7,36000.0,0,0
1,Coca-Cola 500ml,Beverage,1500.0,1000.0,92,20,2025-10-28,25.0,7,37500.0,1,0
1,Coca-Cola 500ml,Beverage,1500.0,1000.0,92,20,2025-10-29,29.0,10,43500.0,2,0
1,Coca-Cola 500ml,Beverage,1500.0,1000.0,92,20,2025-10-30,23.0,5,34500.0,3,0
1,Coca-Cola 500ml,Beverage,1500.0,1000.0,92,20,2025-10-31,25.0,7,37500.0,4,0
1,Coca-Cola 500ml,Beverage,1500.0,1000.0,92,20,2025-11-01,40.0,9,60000.0,5,1
1,Coca-Cola 500ml,Beverage,1500.0,1000.0,92,20,2025-11-02,49.0,10,73500.0,6,1
1,Coca-Cola 500ml,Beverage,1500.0,1000.0,92,20,2025-11-03,25.0,6,37500.0,0,0
1,Coca-Cola 500ml,Beverage,1500.0,1000.0,92,20,2025-11-04,23.0,7,34500.0,1,0
1,Coca-Cola 500ml,Beverage,1500.0,1000.0,92,20,2025-11-05,13.0,4,19500.0,2,0
1,Coca-Cola 500ml,Beverage,1500.0,1000.0,92,20,2025-11-06,13.0,3,19500.0,3,0
1,Coca-Cola 500ml,Beverage,1500.0,1000.0,92,20,2025-11-07,22.0,6,33000.0,4,0
1,Coca-Cola 500ml,Beverage,1500.0,1000.0,92,20,2025-11-08,44.0,12,66000.0,5,1
1,Coca-Cola 500ml,Beverage,1500.0,1000.0,92,20,2025-11-09,21.0,7,31500.0,6,1
1,Coca-Cola 500ml,Beverage,1500.0,1000.0,92,20,2025-11-10,22.0,5,33000.0,0,0
1,Coca-Cola 500ml,Beverage,1500.0,1000.0,92,20,2025-11-11,20.0,6,30000.0,1,0
1,Coca-Cola 500ml,Beverage,1500.0,1000.0,92,20,2025-11-12,9.0,4,13500.0,2,0
1,Coca-Cola 500ml,Beverage,1500.0,1000.0,92,20,2025-11-13,26.0,7,39000.0,3,0
1,Coca-Cola 500ml,Beverage,1500.0,1000.0,92,20,2025-11-14,17.0,5,25500.0,4,0
1,Coca-Cola 500ml,Beverage,1500.0,1000.0,92,20,2025-11-15,33.0,11,49500.0,5,1
1,Coca-Cola 500ml,Beverage,1500.0,1000.0,92,20,2025-11-16,34.0,10,51000.0,6,1
1,Coca-Cola 500ml,Beverage,1500.0,1000.0,92,20,2025-11-17,18.0,4,27000.0,0,0
1,Coca-Cola 500ml,Beverage,1500.0,1000.0,92,20,2025-11-18,26.0,7,39000.0,1,0
1,Coca-Cola 500ml,Beverage,1500.0,1000.0,92,20,2025-11-19,32.0,7,48000.0,2,0
1,Coca-Cola 500ml,Beverage,1500.0,1000.0,92,20,2025-11-20,8.0,2,12000.0,3,0
1,Coca-Cola 500ml,Beverage,1500.0,1000.0,92,20,2025-11-21,3.0,1,4500.0,4,0
1,Coca-Cola 500ml,Beverage,1500.0,1000.0,92,20,2025-11-22,41.0,10,61500.0,5,1
1,Coca-Cola 500ml,Beverage,1500.0,1000.0,92,20,2025-11-23,49.0,12,73500.0,6,1
1,Coca-Cola 500ml,Beverage,1500.0,1000.0,92,20,2025-11-24,33.0,9,49500.0,0,0
1,Coca-Cola 500ml,Beverage,1500.0,1000.0,92,20,2025-11-25,32.0,8,48000.0,1,0
1,Coca-Cola 500ml,Beverage,1500.0,1000.0,92,20,2025-11-26,35.0,8,52500.0,2,0
1,Coca-Cola 500ml,Beverage,1500.0,1000.0,92,20,2025-11-27,38.0,6,57000.0,3,0
1,Coca-Cola 500ml,Beverage,1500.0,1000.0,92,20,2025-11-28,26.0,6,39000.0,4,0
1,Coca-Cola 500ml,Beverage,1500.0,1000.0,92,20,2025-11-29,39.0,13,58500.0,5,1
1,Coca-Cola 500ml,Beverage,1500.0,1000.0,92,20,2025-11-30,41.0,13,61500.0,6,1
1,Coca-Cola 500ml,Beverage,1500.0,1000.0,92,20,2025-12-01,13.0,6,19500.0,0,0
1,Coca-Cola 500ml,Beverage,1500.0,1000.0,92,20,2025-12-02,32.0,6,48000.0,1,0
1,Coca-Cola 500ml,Beverage,1500.0,1000.0,92,20,2025-12-03,26.0,7,39000.0,2,0
1,Coca-Cola 500ml,Beverage,1500.0,1000.0,92,20,2025-12-04,45.0,9,67500.0,3,0
1,Coca-Cola 500ml,Beverage,1500.0,1000.0,92,20,2025-12-05,22.0,5,33000.0,4,0
1,Coca-Cola 500ml,Beverage,1500.0,1000.0,92,20,2025-12-06,35.0,11,52500.0,5,1
1,Coca-Cola 500ml,Beverage,1500.0,1000.0,92,20,2025-12-07,28.0,8,42000.0,6,1
1,Coca-Cola 500ml,Beverage,1500.0,1000.0,92,20,2025-12-08,22.0,6,33000.0,0,0
1,Coca-Cola 500ml,Beverage,1500.0,1000.0,92,20,2025-12-09,15.0,5,22500.0,1,0
1,Coca-Cola 500ml,Beverage,1500.0,1000.0,92,20,2025-12-10,22.0,6,33000.0,2,0
1,Coca-Cola 500ml,Beverage,1500.0,1000.0,92,20,2025-12-11,16.0,6,24000.0,3,0
1,Coca-Cola 500ml,Beverage,1500.0,1000.0,92,20,2025-12-12,20.0,4,30000.0,4,0
1,Coca-Cola 500ml,Beverage,1500.0,1000.0,92,20,2025-12-13,39.0,9,58500.0,5,1
1,Coca-Cola 500ml,Beverage,1500.0,1000.0,92,20,2025-12-14,22.0,6,33000.0,6,1
1,Coca-Cola 500ml,Beverage,1500.0,1000.0,92,20,2025-12-15,21.0,6,31500.0,0,0
1,Coca-Cola 500ml,Beverage,1500.0,1000.0,92,20,2025-12-16,12.0,3,18000.0,1,0
1,Coca-Cola 500ml,Beverage,1500.0,1000.0,92,20,2025-12-17,10.0,4,15000.0,2,0
1,Coca-Cola 500ml,Beverage,1500.0,1000.0,92,20,2025-12-18,28.0,6,42000.0,3,0
1,Coca-Cola 500ml,Beverage,1500.0,1000.0,92,20,2025-12-19,6.0,3,9000.0,4,0
1,Coca-Cola 500ml,Beverage,1500.0,1000.0,92,20,2025-12-20,31.0,7,46500.0,5,1
1,Coca-Cola 500ml,Beverage,1500.0,1000.0,92,20,2025-12-21,36.0,9,54000.0,6,1
1,Coca-Cola 500ml,Beverage,1500.0,1000.0,92,20,2025-12-22,24.0,7,36000.0,0,0
1,Coca-Cola 500ml,Beverage,1500.0,1000.0,92,20,2025-12-23,7.0,4,10500.0,1,0
1,Coca-Cola 500ml,Beverage,1500.0,1000.0,92,20,2025-12-24,32.0,8,48000.0,2,0
1,Coca-Cola 500ml,Beverage,1500.0,1000.0,92,20,2025-12-25,53.0,13,79500.0,3,0
1,Coca-Cola 500ml,Beverage,1500.0,1000.0,92,20,2025-12-26,30.0,7,45000.0,4,0
1,Coca-Cola 500ml,Beverage,1500.0,1000.0,92,20,2025-12-27,77.0,16,115500.0,5,1
1,Coca-Cola 500ml,Beverage,1500.0,1000.0,92,20,2025-12-28,85.0,21,127500.0,6,1
1,Coca-Cola 500ml,Beverage,1500.0,1000.0,92,20,2025-12-29,43.0,8,64500.0,0,0
1,Coca-Cola 500ml,Beverage,1500.0,1000.0,92,20,2025-12-30,28.0,7,42000.0,1,0
1,Coca-Cola 500ml,Beverage,1500.0,1000.0,92,20,2025-12-31,21.0,7,31500.0,2,0
1,Coca-Cola 500ml,Beverage,1500.0,1000.0,92,20,2026-01-01,27.0,7,40500.0,3,0
1,Coca-Cola 500ml,Beverage,1500.0,1000.0,92,20,2026-01-02,9.0,3,13500.0,4,0
1,Coca-Cola 500ml,Beverage,1500.0,1000.0,92,20,2026-01-03,37.0,10,55500.0,5,1
1,Coca-Cola 500ml,Beverage,1500.0,1000.0,92,20,2026-01-04,37.0,10,55500.0,6,1
1,Coca-Cola 500ml,Beverage,1500.0,1000.0,92,20,2026-01-05,11.0,3,16500.0,0,0
1,Coca-Cola 500ml,Beverage,1500.0,1000.0,92,20,2026-01-06,21.0,5,31500.0,1,0
1,Coca-Cola 500ml,Beverage,1500.0,1000.0,92,20,2026-01-07,20.0,8,30000.0,2,0
1,Coca-Cola 500ml,Beverage,1500.0,1000.0,92,20,2026-01-08,21.0,6,31500.0,3,0
1,Coca-Cola 500ml,Beverage,1500.0,1000.0,92,20,2026-01-09,23.0,4,34500.0,4,0
1,Coca-Cola 500ml,Beverage,1500.0,1000.0,92,20,2026-01-10,22.0,6,33000.0,5,1
1,Coca-Cola 500ml,Beverage,1500.0,1000.0,92,20,2026-01-11,15.0,6,22500.0,6,1
1,Coca-Cola 500ml,Beverage,1500.0,1000.0,92,20,2026-01-12,14.0,3,21000.0,0,0
1,Coca-Cola 500ml,Beverage,1500.0,1000.0,92,20,2026-01-13,33.0,9,49500.0,1,0
1,Coca-Cola 500ml,Beverage,1500.0,1000.0,92,20,2026-01-14,28.0,8,42000.0,2,0
1,Coca-Cola 500ml,Beverage,1500.0,1000.0,92,20,2026-01-15,20.0,6,30000.0,3,0
1,Coca-Cola 500ml,Beverage,1500.0,1000.0,92,20,2026-01-16,16.0,3,24000.0,4,0
1,Coca-Cola 500ml,Beverage,1500.0,1000.0,92,20,2026-01-17,15.0,5,22500.0,5,1
1,Coca-Cola 500ml,Beverage,1500.0,1000.0,92,20,2026-01-18,34.0,9,51000.0,6,1
1,Coca-Cola 500ml,Beverage,1500.0,1000.0,92,20,2026-01-19,23.0,7,34500.0,0,0
1,Coca-Cola 500ml,Beverage,1500.0,1000.0,92,20,2026-01-20,22.0,7,33000.0,1,0
1,Coca-Cola 500ml,Beverage,1500.0,1000.0,92,20,2026-01-21,11.0,3,16500.0,2,0
1,Coca-Cola 500ml,Beverage,1500.0,1000.0,92,20,2026-01-22,14.0,5,21000.0,3,0
1,Coca-Cola 500ml,Beverage,1500.0,1000.0,92,20,2026-01-23,20.0,7,30000.0,4,0
1,Coca-Cola 500ml,Beverage,1500.0,1000.0,92,20,2026-01-24,28.0,8,42000.0,5,1
1,Coca-Cola 500ml,Beverage,1500.0,1000.0,92,20,2026-01-25,37.0,11,55500.0,6,1
1,Coca-Cola 500ml,Beverage,1500.0,1000.0,92,20,2026-01-26,40.0,11,60000.0,0,0
1,Coca-Cola 500ml,Beverage,1500.0,1000.0,92,20,2026-01-27,37.0,13,55500.0,1,0
1,Coca-Cola 500ml,Beverage,1500.0,1000.0,92,20,2026-01-28,29.0,8,43500.0,2,0
1,Coca-Cola 500ml,Beverage,1500.0,1000.0,92,20,2026-01-29,24.0,7,36000.0,3,0
1,Coca-Cola 500ml,Beverage,1500.0,1000.0,92,20,2026-01-30,29.0,7,43500.0,4,0
1,Coca-Cola 500ml,Beverage,1500.0,1000.0,92,20,2026-01-31,78.0,19,117000.0,5,1
1,Coca-Cola 500ml,Beverage,1500.0,1000.0,92,20,2026-02-01,21.0,7,31500.0,6,1
1,Coca-Cola 500ml,Beverage,1500.0,1000.0,92,20,2026-02-02,19.0,5,28500.0,0,0
1,Coca-Cola 500ml,Beverage,1500.0,1000.0,92,20,2026-02-03,8.0,4,12000.0,1,0
1,Coca-Cola 500ml,Beverage,1500.0,1000.0,92,20,2026-02-04,19.0,5,28500.0,2,0
1,Coca-Cola 500ml,Beverage,1500.0,1000.0,92,20,2026-02-05,12.0,4,18000.0,3,0
1,Coca-Cola 500ml,Beverage,1500.0,1000.0,92,20,2026-02-06,26.0,5,39000.0,4,0
1,Coca-Cola 500ml,Beverage,1500.0,1000.0,92,20,2026-02-07,26.0,11,39000.0,5,1
1,Coca-Cola 500ml,Beverage,1500.0,1000.0,92,20,2026-02-08,37.0,11,55500.0,6,1
1,Coca-Cola 500ml,Beverage,1500.0,1000.0,92,20,2026-02-09,25.0,8,37500.0,0,0
1,Coca-Cola 500ml,Beverage,1500.0,1000.0,92,20,2026-02-10,24.0,6,36000.0,1,0
1,Coca-Cola 500ml,Beverage,1500.0,1000.0,92,20,2026-02-11,10.0,3,15000.0,2,0
1,Coca-Cola 500ml,Beverage,1500.0,1000.0,92,20,2026-02-12,15.0,5,22500.0,3,0
1,Coca-Cola 500ml,Beverage,1500.0,1000.0,92,20,2026-02-13,14.0,5,21000.0,4,0
1,Coca-Cola 500ml,Beverage,1500.0,1000.0,92,20,2026-02-14,32.0,9,48000.0,5,1
1,Coca-Cola 500ml,Beverage,1500.0,1000.0,92,20,2026-02-15,57.0,12,85500.0,6,1
1,Coca-Cola 500ml,Beverage,1500.0,1000.0,92,20,2026-02-16,13.0,4,19500.0,0,0
1,Coca-Cola 500ml,Beverage,1500.0,1000.0,92,20,2026-02-17,8.0,4,12000.0,1,0
1,Coca-Cola 500ml,Beverage,1500.0,1000.0,92,20,2026-02-18,41.0,9,61500.0,2,0
1,Coca-Cola 500ml,Beverage,1500.0,1000.0,92,20,2026-02-19,16.0,6,24000.0,3,0
1,Coca-Cola 500ml,Beverage,1500.0,1000.0,92,20,2026-02-20,22.0,6,33000.0,4,0
1,Coca-Cola 500ml,Beverage,1500.0,1000.0,92,20,2026-02-21,43.0,9,64500.0,5,1
1,Coca-Cola 500ml,Beverage,1500.0,1000.0,92,20,2026-02-22,49.0,13,73500.0,6,1
1,Coca-Cola 500ml,Beverage,1500.0,1000.0,92,20,2026-02-23,17.0,5,25500.0,0,0
1,Coca-Cola 500ml,Beverage,1500.0,1000.0,92,20,2026-02-24,34.0,6,51000.0,1,0
1,Coca-Cola 500ml,Beverage,1500.0,1000.0,92,20,2026-02-25,16.0,6,24000.0,2,0
1,Coca-Cola 500ml,Beverage,1500.0,1000.0,92,20,2026-02-26,25.0,8,37500.0,3,0
1,Coca-Cola 500ml,Beverage,1500.0,1000.0,92,20,2026-02-27,14.0,6,21000.0,4,0
1,Coca-Cola 500ml,Beverage,1500.0,1000.0,92,20,2026-02-28,37.0,10,55500.0,5,1
1,Coca-Cola 500ml,Beverage,1500.0,1000.0,92,20,2026-03-01,31.0,9,46500.0,6,1
1,Coca-Cola 500ml,Beverage,1500.0,1000.0,92,20,2026-03-02,8.0,3,12000.0,0,0
1,Coca-Cola 500ml,Beverage,1500.0,1000.0,92,20,2026-03-03,25.0,6,37500.0,1,0
1,Coca-Cola 500ml,Beverage,1500.0,1000.0,92,20,2026-03-04,15.0,5,22500.0,2,0
1,Coca-Cola 500ml,Beverage,1500.0,1000.0,92,20,2026-03-05,19.0,5,28500.0,3,0
1,Coca-Cola 500ml,Beverage,1500.0,1000.0,92,20,2026-03-06,24.0,7,36000.0,4,0
1,Coca-Cola 500ml,Beverage,1500.0,1000.0,92,20,2026-03-07,48.0,13,72000.0,5,1
1,Coca-Cola 500ml,Beverage,1500.0,1000.0,92,20,2026-03-08,14.0,4,21000.0,6,1
1,Coca-Cola 500ml,Beverage,1500.0,1000.0,92,20,2026-03-09,30.0,7,45000.0,0,0
1,Coca-Cola 500ml,Beverage,1500.0,1000.0,92,20,2026-03-10,22.0,6,33000.0,1,0
1,Coca-Cola 500ml,Beverage,1500.0,1000.0,92,20,2026-03-11,13.0,3,19500.0,2,0
1,Coca-Cola 500ml,Beverage,1500.0,1000.0,92,20,2026-03-12,31.0,6,46500.0,3,0
1,Coca-Cola 500ml,Beverage,1500.0,1000.0,92,20,2026-03-13,8.0,3,12000.0,4,0
1,Coca-Cola 500ml,Beverage,1500.0,1000.0,92,20,2026-03-14,59.0,11,88500.0,5,1
1,Coca-Cola 500ml,Beverage,1500.0,1000.0,92,20,2026-03-15,46.0,13,69000.0,6,1
1,Coca-Cola 500ml,Beverage,1500.0,1000.0,92,20,2026-03-16,28.0,6,42000.0,0,0
1,Coca-Cola 500ml,Beverage,1500.0,1000.0,92,20,2026-03-17,23.0,5,34500.0,1,0
1,Coca-Cola 500ml,Beverage,1500.0,1000.0,92,20,2026-03-18,12.0,3,18000.0,2,0
1,Coca-Cola 500ml,Beverage,1500.0,1000.0,92,20,2026-03-19,8.0,2,12000.0,3,0
1,Coca-Cola 500ml,Beverage,1500.0,1000.0,92,20,2026-03-20,36.0,7,54000.0,4,0
1,Coca-Cola 500ml,Beverage,1500.0,1000.0,92,20,2026-03-21,38.0,9,57000.0,5,1
1,Coca-Cola 500ml,Beverage,1500.0,1000.0,92,20,2026-03-22,57.0,11,85500.0,6,1
1,Coca-Cola 500ml,Beverage,1500.0,1000.0,92,20,2026-03-23,24.0,7,36000.0,0,0
1,Coca-Cola 500ml,Beverage,1500.0,1000.0,92,20,2026-03-24,30.0,9,45000.0,1,0
1,Coca-Cola 500ml,Beverage,1500.0,1000.0,92,20,2026-03-25,23.0,7,34500.0,2,0
1,Coca-Cola 500ml,Beverage,1500.0,1000.0,92,20,2026-03-26,27.0,9,40500.0,3,0
1,Coca-Cola 500ml,Beverage,1500.0,1000.0,92,20,2026-03-27,36.0,7,54000.0,4,0
1,Coca-Cola 500ml,Beverage,1500.0,1000.0,92,20,2026-03-28,75.0,16,112500.0,5,1
1,Coca-Cola 500ml,Beverage,1500.0,1000.0,92,20,2026-03-29,57.0,15,85500.0,6,1
1,Coca-Cola 500ml,Beverage,1500.0,1000.0,92,20,2026-03-30,25.0,7,37500.0,0,0
1,Coca-Cola 500ml,Beverage,1500.0,1000.0,92,20,2026-03-31,27.0,8,40500.0,1,0
1,Coca-Cola 500ml,Beverage,1500.0,1000.0,92,20,2026-04-01,28.0,6,42000.0,2,0
1,Coca-Cola 500ml,Beverage,1500.0,1000.0,92,20,2026-04-02,27.0,8,40500.0,3,0
1,Coca-Cola 500ml,Beverage,1500.0,1000.0,92,20,2026-04-03,26.0,6,39000.0,4,0
1,Coca-Cola 500ml,Beverage,1500.0,1000.0,92,20,2026-04-04,27.0,7,40500.0,5,1
1,Coca-Cola 500ml,Beverage,1500.0,1000.0,92,20,2026-04-05,25.0,7,37500.0,6,1
1,Coca-Cola 500ml,Beverage,1500.0,1000.0,92,20,2026-04-06,10.0,4,15000.0,0,0
1,Coca-Cola 500ml,Beverage,1500.0,1000.0,92,20,2026-04-07,20.0,6,30000.0,1,0
1,Coca-Cola 500ml,Beverage,1500.0,1000.0,92,20,2026-04-08,21.0,6,31500.0,2,0
1,Coca-Cola 500ml,Beverage,1500.0,1000.0,92,20,2026-04-09,12.0,4,18000.0,3,0
1,Coca-Cola 500ml,Beverage,1500.0,1000.0,92,20,2026-04-10,13.0,4,19500.0,4,0
1,Coca-Cola 500ml,Beverage,1500.0,1000.0,92,20,2026-04-11,15.0,5,22500.0,5,1
1,Coca-Cola 500ml,Beverage,1500.0,1000.0,92,20,2026-04-12,36.0,10,54000.0,6,1
1,Coca-Cola 500ml,Beverage,1500.0,1000.0,92,20,2026-04-13,8.0,3,12000.0,0,0
1,Coca-Cola 500ml,Beverage,1500.0,1000.0,92,20,2026-04-14,8.0,2,12000.0,1,0
1,Coca-Cola 500ml,Beverage,1500.0,1000.0,92,20,2026-04-15,22.0,8,33000.0,2,0
1,Coca-Cola 500ml,Beverage,1500.0,1000.0,92,20,2026-04-16,16.0,4,24000.0,3,0
1,Coca-Cola 500ml,Beverage,1500.0,1000.0,92,20,2026-04-17,17.0,5,25500.0,4,0
1,Coca-Cola 500ml,Beverage,1500.0,1000.0,92,20,2026-04-18,48.0,13,72000.0,5,1
1,Coca-Cola 500ml,Beverage,1500.0,1000.0,92,20,2026-04-19,33.0,10,49500.0,6,1
1,Coca-Cola 500ml,Beverage,1500.0,1000.0,92,20,2026-04-20,10.0,3,15000.0,0,0
1,Coca-Cola 500ml,Beverage,1500.0,1000.0,92,20,2026-04-21,40.0,9,60000.0,1,0
1,Coca-Cola 500ml,Beverage,1500.0,1000.0,92,20,2026-04-22,20.0,4,30000.0,2,0
1,Coca-Cola 500ml,Beverage,1500.0,1000.0,92,20,2026-04-23,25.0,10,37500.0,3,0
1,Coca-Cola 500ml,Beverage,1500.0,1000.0,92,20,2026-04-24,1.0,1,1500.0,4,0
2,Pepsi 500ml,Beverage,1500.0,950.0,7,15,2025-10-26,73.0,18,109500.0,6,1
2,Pepsi 500ml,Beverage,1500.0,950.0,7,15,2025-10-27,26.0,7,39000.0,0,0
2,Pepsi 500ml,Beverage,1500.0,950.0,7,15,2025-10-28,39.0,8,58500.0,1,0
2,Pepsi 500ml,Beverage,1500.0,950.0,7,15,2025-10-29,16.0,6,24000.0,2,0
2,Pepsi 500ml,Beverage,1500.0,950.0,7,15,2025-10-30,27.0,8,40500.0,3,0
2,Pepsi 500ml,Beverage,1500.0,950.0,7,15,2025-10-31,26.0,7,39000.0,4,0
2,Pepsi 500ml,Beverage,1500.0,950.0,7,15,2025-11-01,37.0,10,55500.0,5,1
2,Pepsi 500ml,Beverage,1500.0,950.0,7,15,2025-11-02,51.0,12,76500.0,6,1
2,Pepsi 500ml,Beverage,1500.0,950.0,7,15,2025-11-03,12.0,3,18000.0,0,0
2,Pepsi 500ml,Beverage,1500.0,950.0,7,15,2025-11-04,26.0,9,39000.0,1,0
2,Pepsi 500ml,Beverage,1500.0,950.0,7,15,2025-11-05,17.0,5,25500.0,2,0
2,Pepsi 500ml,Beverage,1500.0,950.0,7,15,2025-11-06,18.0,3,27000.0,3,0
2,Pepsi 500ml,Beverage,1500.0,950.0,7,15,2025-11-07,19.0,7,28500.0,4,0
2,Pepsi 500ml,Beverage,1500.0,950.0,7,15,2025-11-08,36.0,11,54000.0,5,1
2,Pepsi 500ml,Beverage,1500.0,950.0,7,15,2025-11-09,24.0,5,36000.0,6,1
2,Pepsi 500ml,Beverage,1500.0,950.0,7,15,2025-11-10,6.0,2,9000.0,0,0
2,Pepsi 500ml,Beverage,1500.0,950.0,7,15,2025-11-11,29.0,7,43500.0,1,0
2,Pepsi 500ml,Beverage,1500.0,950.0,7,15,2025-11-12,7.0,3,10500.0,2,0
2,Pepsi 500ml,Beverage,1500.0,950.0,7,15,2025-11-13,21.0,5,31500.0,3,0
2,Pepsi 500ml,Beverage,1500.0,950.0,7,15,2025-11-14,12.0,3,18000.0,4,0
2,Pepsi 500ml,Beverage,1500.0,950.0,7,15,2025-11-15,44.0,9,66000.0,5,1
2,Pepsi 500ml,Beverage,1500.0,950.0,7,15,2025-11-16,53.0,15,79500.0,6,1
2,Pepsi 500ml,Beverage,1500.0,950.0,7,15,2025-11-17,9.0,3,13500.0,0,0
2,Pepsi 500ml,Beverage,1500.0,950.0,7,15,2025-11-18,16.0,5,24000.0,1,0
2,Pepsi 500ml,Beverage,1500.0,950.0,7,15,2025-11-19,29.0,7,43500.0,2,0
2,Pepsi 500ml,Beverage,1500.0,950.0,7,15,2025-11-20,20.0,3,30000.0,3,0
2,Pepsi 500ml,Beverage,1500.0,950.0,7,15,2025-11-21,13.0,4,19500.0,4,0
2,Pepsi 500ml,Beverage,1500.0,950.0,7,15,2025-11-22,55.0,11,82500.0,5,1
2,Pepsi 500ml,Beverage,1500.0,950.0,7,15,2025-11-23,36.0,8,54000.0,6,1
2,Pepsi 500ml,Beverage,1500.0,950.0,7,15,2025-11-24,19.0,6,28500.0,0,0
2,Pepsi 500ml,Beverage,1500.0,950.0,7,15,2025-11-25,21.0,6,31500.0,1,0
2,Pepsi 500ml,Beverage,1500.0,950.0,7,15,2025-11-26,35.0,12,52500.0,2,0
2,Pepsi 500ml,Beverage,1500.0,950.0,7,15,2025-11-27,29.0,7,43500.0,3,0
2,Pepsi 500ml,Beverage,1500.0,950.0,7,15,2025-11-28,19.0,5,28500.0,4,0
2,Pepsi 500ml,Beverage,1500.0,950.0,7,15,2025-11-29,59.0,15,88500.0,5,1
2,Pepsi 500ml,Beverage,1500.0,950.0,7,15,2025-11-30,69.0,16,103500.0,6,1
2,Pepsi 500ml,Beverage,1500.0,950.0,7,15,2025-12-01,14.0,5,21000.0,0,0
2,Pepsi 500ml,Beverage,1500.0,950.0,7,15,2025-12-02,13.0,4,19500.0,1,0
2,Pepsi 500ml,Beverage,1500.0,950.0,7,15,2025-12-03,18.0,6,27000.0,2,0
2,Pepsi 500ml,Beverage,1500.0,950.0,7,15,2025-12-04,35.0,10,52500.0,3,0
2,Pepsi 500ml,Beverage,1500.0,950.0,7,15,2025-12-05,37.0,8,55500.0,4,0
2,Pepsi 500ml,Beverage,1500.0,950.0,7,15,2025-12-06,45.0,12,67500.0,5,1
2,Pepsi 500ml,Beverage,1500.0,950.0,7,15,2025-12-07,42.0,10,63000.0,6,1
2,Pepsi 500ml,Beverage,1500.0,950.0,7,15,2025-12-08,15.0,4,22500.0,0,0
2,Pepsi 500ml,Beverage,1500.0,950.0,7,15,2025-12-09,31.0,6,46500.0,1,0
2,Pepsi 500ml,Beverage,1500.0,950.0,7,15,2025-12-10,12.0,3,18000.0,2,0
2,Pepsi 500ml,Beverage,1500.0,950.0,7,15,2025-12-11,2.0,1,3000.0,3,0
2,Pepsi 500ml,Beverage,1500.0,950.0,7,15,2025-12-12,29.0,7,43500.0,4,0
2,Pepsi 500ml,Beverage,1500.0,950.0,7,15,2025-12-13,20.0,4,30000.0,5,1
2,Pepsi 500ml,Beverage,1500.0,950.0,7,15,2025-12-14,18.0,7,27000.0,6,1
2,Pepsi 500ml,Beverage,1500.0,950.0,7,15,2025-12-15,19.0,5,28500.0,0,0
2,Pepsi 500ml,Beverage,1500.0,950.0,7,15,2025-12-16,22.0,5,33000.0,1,0
2,Pepsi 500ml,Beverage,1500.0,950.0,7,15,2025-12-17,6.0,1,9000.0,2,0
2,Pepsi 500ml,Beverage,1500.0,950.0,7,15,2025-12-18,13.0,3,19500.0,3,0
2,Pepsi 500ml,Beverage,1500.0,950.0,7,15,2025-12-19,35.0,6,52500.0,4,0
2,Pepsi 500ml,Beverage,1500.0,950.0,7,15,2025-12-20,8.0,4,12000.0,5,1
2,Pepsi 500ml,Beverage,1500.0,950.0,7,15,2025-12-21,37.0,7,55500.0,6,1
2,Pepsi 500ml,Beverage,1500.0,950.0,7,15,2025-12-22,19.0,3,28500.0,0,0
2,Pepsi 500ml,Beverage,1500.0,950.0,7,15,2025-12-23,17.0,5,25500.0,1,0
2,Pepsi 500ml,Beverage,1500.0,950.0,7,15,2025-12-24,20.0,5,30000.0,2,0
2,Pepsi 500ml,Beverage,1500.0,950.0,7,15,2025-12-25,32.0,8,48000.0,3,0
2,Pepsi 500ml,Beverage,1500.0,950.0,7,15,2025-12-26,13.0,5,19500.0,4,0
2,Pepsi 500ml,Beverage,1500.0,950.0,7,15,2025-12-27,46.0,13,69000.0,5,1
2,Pepsi 500ml,Beverage,1500.0,950.0,7,15,2025-12-28,63.0,16,94500.0,6,1
2,Pepsi 500ml,Beverage,1500.0,950.0,7,15,2025-12-29,29.0,8,43500.0,0,0
2,Pepsi 500ml,Beverage,1500.0,950.0,7,15,2025-12-30,23.0,8,34500.0,1,0
2,Pepsi 500ml,Beverage,1500.0,950.0,7,15,2025-12-31,11.0,5,16500.0,2,0
2,Pepsi 500ml,Beverage,1500.0,950.0,7,15,2026-01-01,26.0,5,39000.0,3,0
2,Pepsi 500ml,Beverage,1500.0,950.0,7,15,2026-01-02,13.0,3,19500.0,4,0
2,Pepsi 500ml,Beverage,1500.0,950.0,7,15,2026-01-03,29.0,7,43500.0,5,1
2,Pepsi 500ml,Beverage,1500.0,950.0,7,15,2026-01-04,40.0,10,60000.0,6,1
2,Pepsi 500ml,Beverage,1500.0,950.0,7,15,2026-01-05,13.0,3,19500.0,0,0
2,Pepsi 500ml,Beverage,1500.0,950.0,7,15,2026-01-06,19.0,4,28500.0,1,0
2,Pepsi 500ml,Beverage,1500.0,950.0,7,15,2026-01-07,21.0,5,31500.0,2,0
2,Pepsi 500ml,Beverage,1500.0,950.0,7,15,2026-01-08,23.0,7,34500.0,3,0
2,Pepsi 500ml,Beverage,1500.0,950.0,7,15,2026-01-09,8.0,4,12000.0,4,0
2,Pepsi 500ml,Beverage,1500.0,950.0,7,15,2026-01-10,37.0,7,55500.0,5,1
2,Pepsi 500ml,Beverage,1500.0,950.0,7,15,2026-01-11,37.0,9,55500.0,6,1
2,Pepsi 500ml,Beverage,1500.0,950.0,7,15,2026-01-12,23.0,3,34500.0,0,0
2,Pepsi 500ml,Beverage,1500.0,950.0,7,15,2026-01-13,8.0,2,12000.0,1,0
2,Pepsi 500ml,Beverage,1500.0,950.0,7,15,2026-01-14,23.0,7,34500.0,2,0
2,Pepsi 500ml,Beverage,1500.0,950.0,7,15,2026-01-15,20.0,5,30000.0,3,0
2,Pepsi 500ml,Beverage,1500.0,950.0,7,15,2026-01-16,20.0,4,30000.0,4,0
2,Pepsi 500ml,Beverage,1500.0,950.0,7,15,2026-01-17,25.0,6,37500.0,5,1
2,Pepsi 500ml,Beverage,1500.0,950.0,7,15,2026-01-18,38.0,8,57000.0,6,1
2,Pepsi 500ml,Beverage,1500.0,950.0,7,15,2026-01-19,15.0,3,22500.0,0,0
2,Pepsi 500ml,Beverage,1500.0,950.0,7,15,2026-01-20,54.0,9,81000.0,1,0
2,Pepsi 500ml,Beverage,1500.0,950.0,7,15,2026-01-21,17.0,4,25500.0,2,0
2,Pepsi 500ml,Beverage,1500.0,950.0,7,15,2026-01-22,16.0,6,24000.0,3,0
2,Pepsi 500ml,Beverage,1500.0,950.0,7,15,2026-01-23,16.0,5,24000.0,4,0
2,Pepsi 500ml,Beverage,1500.0,950.0,7,15,2026-01-24,26.0,8,39000.0,5,1
2,Pepsi 500ml,Beverage,1500.0,950.0,7,15,2026-01-25,60.0,18,90000.0,6,1
2,Pepsi 500ml,Beverage,1500.0,950.0,7,15,2026-01-26,26.0,8,39000.0,0,0
2,Pepsi 500ml,Beverage,1500.0,950.0,7,15,2026-01-27,43.0,12,64500.0,1,0
2,Pepsi 500ml,Beverage,1500.0,950.0,7,15,2026-01-28,21.0,6,31500.0,2,0
2,Pepsi 500ml,Beverage,1500.0,950.0,7,15,2026-01-29,33.0,9,49500.0,3,0
2,Pepsi 500ml,Beverage,1500.0,950.0,7,15,2026-01-30,17.0,4,25500.0,4,0
2,Pepsi 500ml,Beverage,1500.0,950.0,7,15,2026-01-31,69.0,18,103500.0,5,1
2,Pepsi 500ml,Beverage,1500.0,950.0,7,15,2026-02-01,40.0,9,60000.0,6,1
2,Pepsi 500ml,Beverage,1500.0,950.0,7,15,2026-02-02,29.0,5,43500.0,0,0
2,Pepsi 500ml,Beverage,1500.0,950.0,7,15,2026-02-03,17.0,3,25500.0,1,0
2,Pepsi 500ml,Beverage,1500.0,950.0,7,15,2026-02-04,33.0,6,49500.0,2,0
2,Pepsi 500ml,Beverage,1500.0,950.0,7,15,2026-02-05,43.0,8,64500.0,3,0
2,Pepsi 500ml,Beverage,1500.0,950.0,7,15,2026-02-06,17.0,5,25500.0,4,0
2,Pepsi 500ml,Beverage,1500.0,950.0,7,15,2026-02-07,55.0,14,82500.0,5,1
2,Pepsi 500ml,Beverage,1500.0,950.0,7,15,2026-02-08,33.0,8,49500.0,6,1
2,Pepsi 500ml,Beverage,1500.0,950.0,7,15,2026-02-09,14.0,3,21000.0,0,0
2,Pepsi 500ml,Beverage,1500.0,950.0,7,15,2026-02-10,32.0,8,48000.0,1,0
2,Pepsi 500ml,Beverage,1500.0,950.0,7,15,2026-02-11,13.0,4,19500.0,2,0
2,Pepsi 500ml,Beverage,1500.0,950.0,7,15,2026-02-12,16.0,5,24000.0,3,0
2,Pepsi 500ml,Beverage,1500.0,950.0,7,15,2026-02-13,32.0,8,48000.0,4,0
2,Pepsi 500ml,Beverage,1500.0,950.0,7,15,2026-02-14,33.0,8,49500.0,5,1
2,Pepsi 500ml,Beverage,1500.0,950.0,7,15,2026-02-15,29.0,7,43500.0,6,1
2,Pepsi 500ml,Beverage,1500.0,950.0,7,15,2026-02-16,29.0,7,43500.0,0,0
2,Pepsi 500ml,Beverage,1500.0,950.0,7,15,2026-02-17,29.0,7,43500.0,1,0
2,Pepsi 500ml,Beverage,1500.0,950.0,7,15,2026-02-18,28.0,7,42000.0,2,0
2,Pepsi 500ml,Beverage,1500.0,950.0,7,15,2026-02-19,16.0,6,24000.0,3,0
2,Pepsi 500ml,Beverage,1500.0,950.0,7,15,2026-02-20,26.0,5,39000.0,4,0
2,Pepsi 500ml,Beverage,1500.0,950.0,7,15,2026-02-21,30.0,9,45000.0,5,1
2,Pepsi 500ml,Beverage,1500.0,950.0,7,15,2026-02-22,27.0,10,40500.0,6,1
2,Pepsi 500ml,Beverage,1500.0,950.0,7,15,2026-02-23,32.0,6,48000.0,0,0
2,Pepsi 500ml,Beverage,1500.0,950.0,7,15,2026-02-24,26.0,7,39000.0,1,0
2,Pepsi 500ml,Beverage,1500.0,950.0,7,15,2026-02-25,20.0,5,30000.0,2,0
2,Pepsi 500ml,Beverage,1500.0,950.0,7,15,2026-02-26,40.0,9,60000.0,3,0
2,Pepsi 500ml,Beverage,1500.0,950.0,7,15,2026-02-27,22.0,7,33000.0,4,0
2,Pepsi 500ml,Beverage,1500.0,950.0,7,15,2026-02-28,53.0,14,79500.0,5,1
2,Pepsi 500ml,Beverage,1500.0,950.0,7,15,2026-03-01,49.0,10,73500.0,6,1
2,Pepsi 500ml,Beverage,1500.0,950.0,7,15,2026-03-02,7.0,2,10500.0,0,0
2,Pepsi 500ml,Beverage,1500.0,950.0,7,15,2026-03-03,22.0,5,33000.0,1,0
2,Pepsi 500ml,Beverage,1500.0,950.0,7,15,2026-03-04,32.0,7,48000.0,2,0
2,Pepsi 500ml,Beverage,1500.0,950.0,7,15,2026-03-05,20.0,6,30000.0,3,0
2,Pepsi 500ml,Beverage,1500.0,950.0,7,15,2026-03-06,16.0,4,24000.0,4,0
2,Pepsi 500ml,Beverage,1500.0,950.0,7,15,2026-03-07,52.0,11,78000.0,5,1
2,Pepsi 500ml,Beverage,1500.0,950.0,7,15,2026-03-08,31.0,9,46500.0,6,1
2,Pepsi 500ml,Beverage,1500.0,950.0,7,15,2026-03-09,4.0,2,6000.0,0,0
2,Pepsi 500ml,Beverage,1500.0,950.0,7,15,2026-03-10,6.0,2,9000.0,1,0
2,Pepsi 500ml,Beverage,1500.0,950.0,7,15,2026-03-11,38.0,6,57000.0,2,0
2,Pepsi 500ml,Beverage,1500.0,950.0,7,15,2026-03-12,11.0,4,16500.0,3,0
2,Pepsi 500ml,Beverage,1500.0,950.0,7,15,2026-03-13,27.0,6,40500.0,4,0
2,Pepsi 500ml,Beverage,1500.0,950.0,7,15,2026-03-14,38.0,9,57000.0,5,1
2,Pepsi 500ml,Beverage,1500.0,950.0,7,15,2026-03-15,34.0,8,51000.0,6,1
2,Pepsi 500ml,Beverage,1500.0,950.0,7,15,2026-03-16,32.0,8,48000.0,0,0
2,Pepsi 500ml,Beverage,1500.0,950.0,7,15,2026-03-17,9.0,4,13500.0,1,0
2,Pepsi 500ml,Beverage,1500.0,950.0,7,15,2026-03-18,13.0,5,19500.0,2,0
2,Pepsi 500ml,Beverage,1500.0,950.0,7,15,2026-03-19,22.0,4,33000.0,3,0
2,Pepsi 500ml,Beverage,1500.0,950.0,7,15,2026-03-20,21.0,5,31500.0,4,0
2,Pepsi 500ml,Beverage,1500.0,950.0,7,15,2026-03-21,29.0,8,43500.0,5,1
2,Pepsi 500ml,Beverage,1500.0,950.0,7,15,2026-03-22,25.0,6,37500.0,6,1
2,Pepsi 500ml,Beverage,1500.0,950.0,7,15,2026-03-23,8.0,3,12000.0,0,0
2,Pepsi 500ml,Beverage,1500.0,950.0,7,15,2026-03-24,14.0,5,21000.0,1,0
2,Pepsi 500ml,Beverage,1500.0,950.0,7,15,2026-03-25,7.0,2,10500.0,2,0
2,Pepsi 500ml,Beverage,1500.0,950.0,7,15,2026-03-26,29.0,7,43500.0,3,0
2,Pepsi 500ml,Beverage,1500.0,950.0,7,15,2026-03-27,20.0,5,30000.0,4,0
2,Pepsi 500ml,Beverage,1500.0,950.0,7,15,2026-03-28,53.0,16,79500.0,5,1
2,Pepsi 500ml,Beverage,1500.0,950.0,7,15,2026-03-29,40.0,12,60000.0,6,1
2,Pepsi 500ml,Beverage,1500.0,950.0,7,15,2026-03-30,22.0,6,33000.0,0,0
2,Pepsi 500ml,Beverage,1500.0,950.0,7,15,2026-03-31,55.0,9,82500.0,1,0
2,Pepsi 500ml,Beverage,1500.0,950.0,7,15,2026-04-01,17.0,3,25500.0,2,0
2,Pepsi 500ml,Beverage,1500.0,950.0,7,15,2026-04-02,23.0,4,34500.0,3,0
2,Pepsi 500ml,Beverage,1500.0,950.0,7,15,2026-04-03,35.0,7,52500.0,4,0
2,Pepsi 500ml,Beverage,1500.0,950.0,7,15,2026-04-04,37.0,10,55500.0,5,1
2,Pepsi 500ml,Beverage,1500.0,950.0,7,15,2026-04-05,20.0,6,30000.0,6,1
2,Pepsi 500ml,Beverage,1500.0,950.0,7,15,2026-04-06,33.0,7,49500.0,0,0
2,Pepsi 500ml,Beverage,1500.0,950.0,7,15,2026-04-07,36.0,6,54000.0,1,0
2,Pepsi 500ml,Beverage,1500.0,950.0,7,15,2026-04-08,11.0,5,16500.0,2,0
2,Pepsi 500ml,Beverage,1500.0,950.0,7,15,2026-04-09,16.0,4,24000.0,3,0
2,Pepsi 500ml,Beverage,1500.0,950.0,7,15,2026-04-10,25.0,4,37500.0,4,0
2,Pepsi 500ml,Beverage,1500.0,950.0,7,15,2026-04-11,38.0,8,57000.0,5,1
2,Pepsi 500ml,Beverage,1500.0,950.0,7,15,2026-04-12,16.0,3,24000.0,6,1
2,Pepsi 500ml,Beverage,1500.0,950.0,7,15,2026-04-13,6.0,2,9000.0,0,0
2,Pepsi 500ml,Beverage,1500.0,950.0,7,15,2026-04-14,24.0,8,36000.0,1,0
2,Pepsi 500ml,Beverage,1500.0,950.0,7,15,2026-04-15,16.0,5,24000.0,2,0
2,Pepsi 500ml,Beverage,1500.0,950.0,7,15,2026-04-16,12.0,5,18000.0,3,0
2,Pepsi 500ml,Beverage,1500.0,950.0,7,15,2026-04-17,30.0,9,45000.0,4,0
2,Pepsi 500ml,Beverage,1500.0,950.0,7,15,2026-04-18,23.0,7,34500.0,5,1
2,Pepsi 500ml,Beverage,1500.0,950.0,7,15,2026-04-19,48.0,9,72000.0,6,1
2,Pepsi 500ml,Beverage,1500.0,950.0,7,15,2026-04-20,15.0,5,22500.0,0,0
2,Pepsi 500ml,Beverage,1500.0,950.0,7,15,2026-04-21,22.0,4,33000.0,1,0
2,Pepsi 500ml,Beverage,1500.0,950.0,7,15,2026-04-22,9.0,2,13500.0,2,0
2,Pepsi 500ml,Beverage,1500.0,950.0,7,15,2026-04-23,30.0,8,45000.0,3,0
3,White Rice 5kg,Grocery,8000.0,6500.0,50,11,2025-10-26,37.0,12,296000.0,6,1
3,White Rice 5kg,Grocery,8000.0,6500.0,50,11,2025-10-27,24.0,11,192000.0,0,0
3,White Rice 5kg,Grocery,8000.0,6500.0,50,11,2025-10-28,14.0,4,112000.0,1,0
3,White Rice 5kg,Grocery,8000.0,6500.0,50,11,2025-10-29,19.0,8,152000.0,2,0
3,White Rice 5kg,Grocery,8000.0,6500.0,50,11,2025-10-30,19.0,8,152000.0,3,0
3,White Rice 5kg,Grocery,8000.0,6500.0,50,11,2025-10-31,20.0,9,160000.0,4,0
3,White Rice 5kg,Grocery,8000.0,6500.0,50,11,2025-11-01,21.0,7,168000.0,5,1
3,White Rice 5kg,Grocery,8000.0,6500.0,50,11,2025-11-02,16.0,6,128000.0,6,1
3,White Rice 5kg,Grocery,8000.0,6500.0,50,11,2025-11-03,13.0,6,104000.0,0,0
3,White Rice 5kg,Grocery,8000.0,6500.0,50,11,2025-11-04,11.0,4,88000.0,1,0
3,White Rice 5kg,Grocery,8000.0,6500.0,50,11,2025-11-05,30.0,8,240000.0,2,0
3,White Rice 5kg,Grocery,8000.0,6500.0,50,11,2025-11-06,10.0,4,80000.0,3,0
3,White Rice 5kg,Grocery,8000.0,6500.0,50,11,2025-11-07,16.0,6,128000.0,4,0
3,White Rice 5kg,Grocery,8000.0,6500.0,50,11,2025-11-08,31.0,11,248000.0,5,1
3,White Rice 5kg,Grocery,8000.0,6500.0,50,11,2025-11-09,23.0,10,184000.0,6,1
3,White Rice 5kg,Grocery,8000.0,6500.0,50,11,2025-11-10,9.0,5,72000.0,0,0
3,White Rice 5kg,Grocery,8000.0,6500.0,50,11,2025-11-11,13.0,8,104000.0,1,0
3,White Rice 5kg,Grocery,8000.0,6500.0,50,11,2025-11-12,19.0,6,152000.0,2,0
3,White Rice 5kg,Grocery,8000.0,6500.0,50,11,2025-11-13,27.0,9,216000.0,3,0
3,White Rice 5kg,Grocery,8000.0,6500.0,50,11,2025-11-14,24.0,8,192000.0,4,0
3,White Rice 5kg,Grocery,8000.0,6500.0,50,11,2025-11-15,15.0,5,120000.0,5,1
3,White Rice 5kg,Grocery,8000.0,6500.0,50,11,2025-11-16,30.0,13,240000.0,6,1
3,White Rice 5kg,Grocery,8000.0,6500.0,50,11,2025-11-17,6.0,2,48000.0,0,0
3,White Rice 5kg,Grocery,8000.0,6500.0,50,11,2025-11-18,11.0,5,88000.0,1,0
3,White Rice 5kg,Grocery,8000.0,6500.0,50,11,2025-11-19,20.0,7,160000.0,2,0
3,White Rice 5kg,Grocery,8000.0,6500.0,50,11,2025-11-20,7.0,3,56000.0,3,0
3,White Rice 5kg,Grocery,8000.0,6500.0,50,11,2025-11-21,17.0,6,136000.0,4,0
3,White Rice 5kg,Grocery,8000.0,6500.0,50,11,2025-11-22,33.0,9,264000.0,5,1
3,White Rice 5kg,Grocery,8000.0,6500.0,50,11,2025-11-23,23.0,10,184000.0,6,1
3,White Rice 5kg,Grocery,8000.0,6500.0,50,11,2025-11-24,15.0,7,120000.0,0,0
3,White Rice 5kg,Grocery,8000.0,6500.0,50,11,2025-11-25,24.0,9,192000.0,1,0
3,White Rice 5kg,Grocery,8000.0,6500.0,50,11,2025-11-26,33.0,13,264000.0,2,0
3,White Rice 5kg,Grocery,8000.0,6500.0,50,11,2025-11-27,10.0,7,80000.0,3,0
3,White Rice 5kg,Grocery,8000.0,6500.0,50,11,2025-11-28,11.0,6,88000.0,4,0
3,White Rice 5kg,Grocery,8000.0,6500.0,50,11,2025-11-29,23.0,10,184000.0,5,1
3,White Rice 5kg,Grocery,8000.0,6500.0,50,11,2025-11-30,38.0,15,304000.0,6,1
3,White Rice 5kg,Grocery,8000.0,6500.0,50,11,2025-12-01,14.0,6,112000.0,0,0
3,White Rice 5kg,Grocery,8000.0,6500.0,50,11,2025-12-02,21.0,8,168000.0,1,0
3,White Rice 5kg,Grocery,8000.0,6500.0,50,11,2025-12-03,18.0,4,144000.0,2,0
3,White Rice 5kg,Grocery,8000.0,6500.0,50,11,2025-12-04,11.0,6,88000.0,3,0
3,White Rice 5kg,Grocery,8000.0,6500.0,50,11,2025-12-05,11.0,4,88000.0,4,0
3,White Rice 5kg,Grocery,8000.0,6500.0,50,11,2025-12-06,20.0,9,160000.0,5,1
3,White Rice 5kg,Grocery,8000.0,6500.0,50,11,2025-12-07,29.0,14,232000.0,6,1
3,White Rice 5kg,Grocery,8000.0,6500.0,50,11,2025-12-08,19.0,6,152000.0,0,0
3,White Rice 5kg,Grocery,8000.0,6500.0,50,11,2025-12-09,21.0,7,168000.0,1,0
3,White Rice 5kg,Grocery,8000.0,6500.0,50,11,2025-12-10,22.0,8,176000.0,2,0
3,White Rice 5kg,Grocery,8000.0,6500.0,50,11,2025-12-11,4.0,2,32000.0,3,0
3,White Rice 5kg,Grocery,8000.0,6500.0,50,11,2025-12-12,17.0,9,136000.0,4,0
3,White Rice 5kg,Grocery,8000.0,6500.0,50,11,2025-12-13,27.0,10,216000.0,5,1
3,White Rice 5kg,Grocery,8000.0,6500.0,50,11,2025-12-14,13.0,7,104000.0,6,1
3,White Rice 5kg,Grocery,8000.0,6500.0,50,11,2025-12-15,17.0,6,136000.0,0,0
3,White Rice 5kg,Grocery,8000.0,6500.0,50,11,2025-12-16,15.0,6,120000.0,1,0
3,White Rice 5kg,Grocery,8000.0,6500.0,50,11,2025-12-17,13.0,5,104000.0,2,0
3,White Rice 5kg,Grocery,8000.0,6500.0,50,11,2025-12-18,10.0,4,80000.0,3,0
3,White Rice 5kg,Grocery,8000.0,6500.0,50,11,2025-12-19,10.0,6,80000.0,4,0
3,White Rice 5kg,Grocery,8000.0,6500.0,50,11,2025-12-20,28.0,11,224000.0,5,1
3,White Rice 5kg,Grocery,8000.0,6500.0,50,11,2025-12-21,15.0,6,120000.0,6,1
3,White Rice 5kg,Grocery,8000.0,6500.0,50,11,2025-12-22,19.0,7,152000.0,0,0
3,White Rice 5kg,Grocery,8000.0,6500.0,50,11,2025-12-23,8.0,2,64000.0,1,0
3,White Rice 5kg,Grocery,8000.0,6500.0,50,11,2025-12-24,9.0,5,72000.0,2,0
3,White Rice 5kg,Grocery,8000.0,6500.0,50,11,2025-12-25,29.0,11,232000.0,3,0
3,White Rice 5kg,Grocery,8000.0,6500.0,50,11,2025-12-26,20.0,7,160000.0,4,0
3,White Rice 5kg,Grocery,8000.0,6500.0,50,11,2025-12-27,39.0,14,312000.0,5,1
3,White Rice 5kg,Grocery,8000.0,6500.0,50,11,2025-12-28,39.0,15,312000.0,6,1
3,White Rice 5kg,Grocery,8000.0,6500.0,50,11,2025-12-29,18.0,6,144000.0,0,0
3,White Rice 5kg,Grocery,8000.0,6500.0,50,11,2025-12-30,31.0,11,248000.0,1,0
3,White Rice 5kg,Grocery,8000.0,6500.0,50,11,2025-12-31,18.0,4,144000.0,2,0
3,White Rice 5kg,Grocery,8000.0,6500.0,50,11,2026-01-01,7.0,4,56000.0,3,0
3,White Rice 5kg,Grocery,8000.0,6500.0,50,11,2026-01-02,13.0,5,104000.0,4,0
3,White Rice 5kg,Grocery,8000.0,6500.0,50,11,2026-01-03,22.0,9,176000.0,5,1
3,White Rice 5kg,Grocery,8000.0,6500.0,50,11,2026-01-04,29.0,14,232000.0,6,1
3,White Rice 5kg,Grocery,8000.0,6500.0,50,11,2026-01-05,7.0,3,56000.0,0,0
3,White Rice 5kg,Grocery,8000.0,6500.0,50,11,2026-01-06,6.0,2,48000.0,1,0
3,White Rice 5kg,Grocery,8000.0,6500.0,50,11,2026-01-07,8.0,5,64000.0,2,0
3,White Rice 5kg,Grocery,8000.0,6500.0,50,11,2026-01-08,23.0,9,184000.0,3,0
3,White Rice 5kg,Grocery,8000.0,6500.0,50,11,2026-01-09,8.0,4,64000.0,4,0
3,White Rice 5kg,Grocery,8000.0,6500.0,50,11,2026-01-10,28.0,10,224000.0,5,1
3,White Rice 5kg,Grocery,8000.0,6500.0,50,11,2026-01-11,13.0,6,104000.0,6,1
3,White Rice 5kg,Grocery,8000.0,6500.0,50,11,2026-01-12,5.0,3,40000.0,0,0
3,White Rice 5kg,Grocery,8000.0,6500.0,50,11,2026-01-13,27.0,9,216000.0,1,0
3,White Rice 5kg,Grocery,8000.0,6500.0,50,11,2026-01-14,19.0,7,152000.0,2,0
3,White Rice 5kg,Grocery,8000.0,6500.0,50,11,2026-01-15,15.0,5,120000.0,3,0
3,White Rice 5kg,Grocery,8000.0,6500.0,50,11,2026-01-16,10.0,5,80000.0,4,0
3,White Rice 5kg,Grocery,8000.0,6500.0,50,11,2026-01-17,18.0,8,144000.0,5,1
3,White Rice 5kg,Grocery,8000.0,6500.0,50,11,2026-01-18,19.0,11,152000.0,6,1
3,White Rice 5kg,Grocery,8000.0,6500.0,50,11,2026-01-19,5.0,2,40000.0,0,0
3,White Rice 5kg,Grocery,8000.0,6500.0,50,11,2026-01-20,11.0,6,88000.0,1,0
3,White Rice 5kg,Grocery,8000.0,6500.0,50,11,2026-01-21,18.0,4,144000.0,2,0
3,White Rice 5kg,Grocery,8000.0,6500.0,50,11,2026-01-22,13.0,8,104000.0,3,0
3,White Rice 5kg,Grocery,8000.0,6500.0,50,11,2026-01-23,12.0,6,96000.0,4,0
3,White Rice 5kg,Grocery,8000.0,6500.0,50,11,2026-01-24,24.0,9,192000.0,5,1
3,White Rice 5kg,Grocery,8000.0,6500.0,50,11,2026-01-25,31.0,13,248000.0,6,1
3,White Rice 5kg,Grocery,8000.0,6500.0,50,11,2026-01-26,22.0,10,176000.0,0,0
3,White Rice 5kg,Grocery,8000.0,6500.0,50,11,2026-01-27,24.0,8,192000.0,1,0
3,White Rice 5kg,Grocery,8000.0,6500.0,50,11,2026-01-28,36.0,13,288000.0,2,0
3,White Rice 5kg,Grocery,8000.0,6500.0,50,11,2026-01-29,20.0,9,160000.0,3,0
3,White Rice 5kg,Grocery,8000.0,6500.0,50,11,2026-01-30,15.0,7,120000.0,4,0
3,White Rice 5kg,Grocery,8000.0,6500.0,50,11,2026-01-31,45.0,14,360000.0,5,1
3,White Rice 5kg,Grocery,8000.0,6500.0,50,11,2026-02-01,36.0,11,288000.0,6,1
3,White Rice 5kg,Grocery,8000.0,6500.0,50,11,2026-02-02,14.0,7,112000.0,0,0
3,White Rice 5kg,Grocery,8000.0,6500.0,50,11,2026-02-03,8.0,5,64000.0,1,0
3,White Rice 5kg,Grocery,8000.0,6500.0,50,11,2026-02-04,30.0,9,240000.0,2,0
3,White Rice 5kg,Grocery,8000.0,6500.0,50,11,2026-02-05,18.0,6,144000.0,3,0
3,White Rice 5kg,Grocery,8000.0,6500.0,50,11,2026-02-06,10.0,4,80000.0,4,0
3,White Rice 5kg,Grocery,8000.0,6500.0,50,11,2026-02-07,18.0,9,144000.0,5,1
3,White Rice 5kg,Grocery,8000.0,6500.0,50,11,2026-02-08,36.0,13,288000.0,6,1
3,White Rice 5kg,Grocery,8000.0,6500.0,50,11,2026-02-09,5.0,3,40000.0,0,0
3,White Rice 5kg,Grocery,8000.0,6500.0,50,11,2026-02-10,6.0,4,48000.0,1,0
3,White Rice 5kg,Grocery,8000.0,6500.0,50,11,2026-02-11,9.0,3,72000.0,2,0
3,White Rice 5kg,Grocery,8000.0,6500.0,50,11,2026-02-12,12.0,5,96000.0,3,0
3,White Rice 5kg,Grocery,8000.0,6500.0,50,11,2026-02-13,21.0,7,168000.0,4,0
3,White Rice 5kg,Grocery,8000.0,6500.0,50,11,2026-02-14,45.0,16,360000.0,5,1
3,White Rice 5kg,Grocery,8000.0,6500.0,50,11,2026-02-15,25.0,9,200000.0,6,1
3,White Rice 5kg,Grocery,8000.0,6500.0,50,11,2026-02-16,10.0,4,80000.0,0,0
3,White Rice 5kg,Grocery,8000.0,6500.0,50,11,2026-02-17,16.0,5,128000.0,1,0
3,White Rice 5kg,Grocery,8000.0,6500.0,50,11,2026-02-18,13.0,6,104000.0,2,0
3,White Rice 5kg,Grocery,8000.0,6500.0,50,11,2026-02-19,39.0,10,312000.0,3,0
3,White Rice 5kg,Grocery,8000.0,6500.0,50,11,2026-02-20,26.0,8,208000.0,4,0
3,White Rice 5kg,Grocery,8000.0,6500.0,50,11,2026-02-21,13.0,6,104000.0,5,1
3,White Rice 5kg,Grocery,8000.0,6500.0,50,11,2026-02-22,23.0,9,184000.0,6,1
3,White Rice 5kg,Grocery,8000.0,6500.0,50,11,2026-02-23,16.0,6,128000.0,0,0
3,White Rice 5kg,Grocery,8000.0,6500.0,50,11,2026-02-24,12.0,7,96000.0,1,0
3,White Rice 5kg,Grocery,8000.0,6500.0,50,11,2026-02-25,14.0,7,112000.0,2,0
3,White Rice 5kg,Grocery,8000.0,6500.0,50,11,2026-02-26,19.0,10,152000.0,3,0
3,White Rice 5kg,Grocery,8000.0,6500.0,50,11,2026-02-27,30.0,10,240000.0,4,0
3,White Rice 5kg,Grocery,8000.0,6500.0,50,11,2026-02-28,27.0,16,216000.0,5,1
3,White Rice 5kg,Grocery,8000.0,6500.0,50,11,2026-03-01,24.0,9,192000.0,6,1
3,White Rice 5kg,Grocery,8000.0,6500.0,50,11,2026-03-02,14.0,5,112000.0,0,0
3,White Rice 5kg,Grocery,8000.0,6500.0,50,11,2026-03-03,8.0,4,64000.0,1,0
3,White Rice 5kg,Grocery,8000.0,6500.0,50,11,2026-03-04,23.0,8,184000.0,2,0
3,White Rice 5kg,Grocery,8000.0,6500.0,50,11,2026-03-05,14.0,6,112000.0,3,0
3,White Rice 5kg,Grocery,8000.0,6500.0,50,11,2026-03-06,25.0,7,200000.0,4,0
3,White Rice 5kg,Grocery,8000.0,6500.0,50,11,2026-03-07,19.0,11,152000.0,5,1
3,White Rice 5kg,Grocery,8000.0,6500.0,50,11,2026-03-08,24.0,10,192000.0,6,1
3,White Rice 5kg,Grocery,8000.0,6500.0,50,11,2026-03-09,16.0,6,128000.0,0,0
3,White Rice 5kg,Grocery,8000.0,6500.0,50,11,2026-03-10,22.0,8,176000.0,1,0
3,White Rice 5kg,Grocery,8000.0,6500.0,50,11,2026-03-11,6.0,3,48000.0,2,0
3,White Rice 5kg,Grocery,8000.0,6500.0,50,11,2026-03-12,14.0,6,112000.0,3,0
3,White Rice 5kg,Grocery,8000.0,6500.0,50,11,2026-03-13,13.0,6,104000.0,4,0
3,White Rice 5kg,Grocery,8000.0,6500.0,50,11,2026-03-14,44.0,16,352000.0,5,1
3,White Rice 5kg,Grocery,8000.0,6500.0,50,11,2026-03-15,35.0,13,280000.0,6,1
3,White Rice 5kg,Grocery,8000.0,6500.0,50,11,2026-03-16,15.0,9,120000.0,0,0
3,White Rice 5kg,Grocery,8000.0,6500.0,50,11,2026-03-17,8.0,6,64000.0,1,0
3,White Rice 5kg,Grocery,8000.0,6500.0,50,11,2026-03-18,21.0,5,168000.0,2,0
3,White Rice 5kg,Grocery,8000.0,6500.0,50,11,2026-03-19,12.0,5,96000.0,3,0
3,White Rice 5kg,Grocery,8000.0,6500.0,50,11,2026-03-20,25.0,8,200000.0,4,0
3,White Rice 5kg,Grocery,8000.0,6500.0,50,11,2026-03-21,27.0,10,216000.0,5,1
3,White Rice 5kg,Grocery,8000.0,6500.0,50,11,2026-03-22,22.0,9,176000.0,6,1
3,White Rice 5kg,Grocery,8000.0,6500.0,50,11,2026-03-23,12.0,6,96000.0,0,0
3,White Rice 5kg,Grocery,8000.0,6500.0,50,11,2026-03-24,17.0,7,136000.0,1,0
3,White Rice 5kg,Grocery,8000.0,6500.0,50,11,2026-03-25,25.0,10,200000.0,2,0
3,White Rice 5kg,Grocery,8000.0,6500.0,50,11,2026-03-26,21.0,9,168000.0,3,0
3,White Rice 5kg,Grocery,8000.0,6500.0,50,11,2026-03-27,19.0,9,152000.0,4,0
3,White Rice 5kg,Grocery,8000.0,6500.0,50,11,2026-03-28,25.0,8,200000.0,5,1
3,White Rice 5kg,Grocery,8000.0,6500.0,50,11,2026-03-29,36.0,14,288000.0,6,1
3,White Rice 5kg,Grocery,8000.0,6500.0,50,11,2026-03-30,27.0,13,216000.0,0,0
3,White Rice 5kg,Grocery,8000.0,6500.0,50,11,2026-03-31,48.0,12,384000.0,1,0
3,White Rice 5kg,Grocery,8000.0,6500.0,50,11,2026-04-01,6.0,4,48000.0,2,0
3,White Rice 5kg,Grocery,8000.0,6500.0,50,11,2026-04-02,16.0,7,128000.0,3,0
3,White Rice 5kg,Grocery,8000.0,6500.0,50,11,2026-04-03,30.0,8,240000.0,4,0
3,White Rice 5kg,Grocery,8000.0,6500.0,50,11,2026-04-04,33.0,13,264000.0,5,1
3,White Rice 5kg,Grocery,8000.0,6500.0,50,11,2026-04-05,11.0,5,88000.0,6,1
3,White Rice 5kg,Grocery,8000.0,6500.0,50,11,2026-04-06,20.0,7,160000.0,0,0
3,White Rice 5kg,Grocery,8000.0,6500.0,50,11,2026-04-07,17.0,6,136000.0,1,0
3,White Rice 5kg,Grocery,8000.0,6500.0,50,11,2026-04-08,16.0,8,128000.0,2,0
3,White Rice 5kg,Grocery,8000.0,6500.0,50,11,2026-04-09,11.0,3,88000.0,3,0
3,White Rice 5kg,Grocery,8000.0,6500.0,50,11,2026-04-10,6.0,1,48000.0,4,0
3,White Rice 5kg,Grocery,8000.0,6500.0,50,11,2026-04-11,30.0,9,240000.0,5,1
3,White Rice 5kg,Grocery,8000.0,6500.0,50,11,2026-04-12,23.0,9,184000.0,6,1
3,White Rice 5kg,Grocery,8000.0,6500.0,50,11,2026-04-13,7.0,3,56000.0,0,0
3,White Rice 5kg,Grocery,8000.0,6500.0,50,11,2026-04-14,7.0,3,56000.0,1,0
3,White Rice 5kg,Grocery,8000.0,6500.0,50,11,2026-04-15,11.0,5,88000.0,2,0
3,White Rice 5kg,Grocery,8000.0,6500.0,50,11,2026-04-16,8.0,4,64000.0,3,0
3,White Rice 5kg,Grocery,8000.0,6500.0,50,11,2026-04-17,13.0,8,104000.0,4,0
3,White Rice 5kg,Grocery,8000.0,6500.0,50,11,2026-04-18,34.0,10,272000.0,5,1
3,White Rice 5kg,Grocery,8000.0,6500.0,50,11,2026-04-19,37.0,15,296000.0,6,1
3,White Rice 5kg,Grocery,8000.0,6500.0,50,11,2026-04-20,11.0,3,88000.0,0,0
3,White Rice 5kg,Grocery,8000.0,6500.0,50,11,2026-04-21,8.0,4,64000.0,1,0
3,White Rice 5kg,Grocery,8000.0,6500.0,50,11,2026-04-22,8.0,4,64000.0,2,0
3,White Rice 5kg,Grocery,8000.0,6500.0,50,11,2026-04-23,10.0,4,80000.0,3,0
4,Notebook A4,Stationery,2500.0,1800.0,30,12,2025-10-26,49.0,14,122500.0,6,1
4,Notebook A4,Stationery,2500.0,1800.0,30,12,2025-10-27,59.0,14,147500.0,0,0
4,Notebook A4,Stationery,2500.0,1800.0,30,12,2025-10-28,3.0,3,7500.0,1,0
4,Notebook A4,Stationery,2500.0,1800.0,30,12,2025-10-29,37.0,9,92500.0,2,0
4,Notebook A4,Stationery,2500.0,1800.0,30,12,2025-10-30,45.0,17,112500.0,3,0
4,Notebook A4,Stationery,2500.0,1800.0,30,12,2025-10-31,18.0,4,45000.0,4,0
4,Notebook A4,Stationery,2500.0,1800.0,30,12,2025-11-01,50.0,12,125000.0,5,1
4,Notebook A4,Stationery,2500.0,1800.0,30,12,2025-11-02,35.0,9,87500.0,6,1
4,Notebook A4,Stationery,2500.0,1800.0,30,12,2025-11-03,24.0,6,60000.0,0,0
4,Notebook A4,Stationery,2500.0,1800.0,30,12,2025-11-04,18.0,6,45000.0,1,0
4,Notebook A4,Stationery,2500.0,1800.0,30,12,2025-11-05,32.0,9,80000.0,2,0
4,Notebook A4,Stationery,2500.0,1800.0,30,12,2025-11-06,15.0,4,37500.0,3,0
4,Notebook A4,Stationery,2500.0,1800.0,30,12,2025-11-07,26.0,8,65000.0,4,0
4,Notebook A4,Stationery,2500.0,1800.0,30,12,2025-11-08,62.0,14,155000.0,5,1
4,Notebook A4,Stationery,2500.0,1800.0,30,12,2025-11-09,22.0,6,55000.0,6,1
4,Notebook A4,Stationery,2500.0,1800.0,30,12,2025-11-10,27.0,6,67500.0,0,0
4,Notebook A4,Stationery,2500.0,1800.0,30,12,2025-11-11,21.0,6,52500.0,1,0
4,Notebook A4,Stationery,2500.0,1800.0,30,12,2025-11-12,17.0,4,42500.0,2,0
4,Notebook A4,Stationery,2500.0,1800.0,30,12,2025-11-13,12.0,4,30000.0,3,0
4,Notebook A4,Stationery,2500.0,1800.0,30,12,2025-11-14,42.0,9,105000.0,4,0
4,Notebook A4,Stationery,2500.0,1800.0,30,12,2025-11-15,38.0,10,95000.0,5,1
4,Notebook A4,Stationery,2500.0,1800.0,30,12,2025-11-16,39.0,9,97500.0,6,1
4,Notebook A4,Stationery,2500.0,1800.0,30,12,2025-11-17,11.0,2,27500.0,0,0
4,Notebook A4,Stationery,2500.0,1800.0,30,12,2025-11-18,22.0,3,55000.0,1,0
4,Notebook A4,Stationery,2500.0,1800.0,30,12,2025-11-19,44.0,8,110000.0,2,0
4,Notebook A4,Stationery,2500.0,1800.0,30,12,2025-11-20,15.0,3,37500.0,3,0
4,Notebook A4,Stationery,2500.0,1800.0,30,12,2025-11-21,22.0,6,55000.0,4,0
4,Notebook A4,Stationery,2500.0,1800.0,30,12,2025-11-22,36.0,12,90000.0,5,1
4,Notebook A4,Stationery,2500.0,1800.0,30,12,2025-11-23,46.0,12,115000.0,6,1
4,Notebook A4,Stationery,2500.0,1800.0,30,12,2025-11-24,19.0,4,47500.0,0,0
4,Notebook A4,Stationery,2500.0,1800.0,30,12,2025-11-25,12.0,4,30000.0,1,0
4,Notebook A4,Stationery,2500.0,1800.0,30,12,2025-11-26,44.0,12,110000.0,2,0
4,Notebook A4,Stationery,2500.0,1800.0,30,12,2025-11-27,21.0,7,52500.0,3,0
4,Notebook A4,Stationery,2500.0,1800.0,30,12,2025-11-28,35.0,9,87500.0,4,0
4,Notebook A4,Stationery,2500.0,1800.0,30,12,2025-11-29,36.0,9,90000.0,5,1
4,Notebook A4,Stationery,2500.0,1800.0,30,12,2025-11-30,49.0,13,122500.0,6,1
4,Notebook A4,Stationery,2500.0,1800.0,30,12,2025-12-01,28.0,8,70000.0,0,0
4,Notebook A4,Stationery,2500.0,1800.0,30,12,2025-12-02,29.0,6,72500.0,1,0
4,Notebook A4,Stationery,2500.0,1800.0,30,12,2025-12-03,21.0,5,52500.0,2,0
4,Notebook A4,Stationery,2500.0,1800.0,30,12,2025-12-04,32.0,8,80000.0,3,0
4,Notebook A4,Stationery,2500.0,1800.0,30,12,2025-12-05,33.0,8,82500.0,4,0
4,Notebook A4,Stationery,2500.0,1800.0,30,12,2025-12-06,52.0,13,130000.0,5,1
4,Notebook A4,Stationery,2500.0,1800.0,30,12,2025-12-07,42.0,11,105000.0,6,1
4,Notebook A4,Stationery,2500.0,1800.0,30,12,2025-12-08,20.0,5,50000.0,0,0
4,Notebook A4,Stationery,2500.0,1800.0,30,12,2025-12-09,27.0,8,67500.0,1,0
4,Notebook A4,Stationery,2500.0,1800.0,30,12,2025-12-10,28.0,8,70000.0,2,0
4,Notebook A4,Stationery,2500.0,1800.0,30,12,2025-12-11,25.0,4,62500.0,3,0
4,Notebook A4,Stationery,2500.0,1800.0,30,12,2025-12-12,27.0,6,67500.0,4,0
4,Notebook A4,Stationery,2500.0,1800.0,30,12,2025-12-13,44.0,10,110000.0,5,1
4,Notebook A4,Stationery,2500.0,1800.0,30,12,2025-12-14,30.0,8,75000.0,6,1
4,Notebook A4,Stationery,2500.0,1800.0,30,12,2025-12-15,19.0,6,47500.0,0,0
4,Notebook A4,Stationery,2500.0,1800.0,30,12,2025-12-16,21.0,3,52500.0,1,0
4,Notebook A4,Stationery,2500.0,1800.0,30,12,2025-12-17,28.0,6,70000.0,2,0
4,Notebook A4,Stationery,2500.0,1800.0,30,12,2025-12-18,15.0,4,37500.0,3,0
4,Notebook A4,Stationery,2500.0,1800.0,30,12,2025-12-19,9.0,2,22500.0,4,0
4,Notebook A4,Stationery,2500.0,1800.0,30,12,2025-12-20,24.0,7,60000.0,5,1
4,Notebook A4,Stationery,2500.0,1800.0,30,12,2025-12-21,51.0,10,127500.0,6,1
4,Notebook A4,Stationery,2500.0,1800.0,30,12,2025-12-22,16.0,5,40000.0,0,0
4,Notebook A4,Stationery,2500.0,1800.0,30,12,2025-12-23,14.0,5,35000.0,1,0
4,Notebook A4,Stationery,2500.0,1800.0,30,12,2025-12-24,35.0,7,87500.0,2,0
4,Notebook A4,Stationery,2500.0,1800.0,30,12,2025-12-25,26.0,7,65000.0,3,0
4,Notebook A4,Stationery,2500.0,1800.0,30,12,2025-12-26,28.0,8,70000.0,4,0
4,Notebook A4,Stationery,2500.0,1800.0,30,12,2025-12-27,71.0,15,177500.0,5,1
4,Notebook A4,Stationery,2500.0,1800.0,30,12,2025-12-28,54.0,13,135000.0,6,1
4,Notebook A4,Stationery,2500.0,1800.0,30,12,2025-12-29,19.0,5,47500.0,0,0
4,Notebook A4,Stationery,2500.0,1800.0,30,12,2025-12-30,34.0,9,85000.0,1,0
4,Notebook A4,Stationery,2500.0,1800.0,30,12,2025-12-31,35.0,6,87500.0,2,0
4,Notebook A4,Stationery,2500.0,1800.0,30,12,2026-01-01,29.0,6,72500.0,3,0
4,Notebook A4,Stationery,2500.0,1800.0,30,12,2026-01-02,31.0,5,77500.0,4,0
4,Notebook A4,Stationery,2500.0,1800.0,30,12,2026-01-03,64.0,16,160000.0,5,1
4,Notebook A4,Stationery,2500.0,1800.0,30,12,2026-01-04,23.0,9,57500.0,6,1
4,Notebook A4,Stationery,2500.0,1800.0,30,12,2026-01-05,30.0,5,75000.0,0,0
4,Notebook A4,Stationery,2500.0,1800.0,30,12,2026-01-06,29.0,7,72500.0,1,0
4,Notebook A4,Stationery,2500.0,1800.0,30,12,2026-01-07,23.0,6,57500.0,2,0
4,Notebook A4,Stationery,2500.0,1800.0,30,12,2026-01-08,35.0,6,87500.0,3,0
4,Notebook A4,Stationery,2500.0,1800.0,30,12,2026-01-09,16.0,4,40000.0,4,0
4,Notebook A4,Stationery,2500.0,1800.0,30,12,2026-01-10,28.0,6,70000.0,5,1
4,Notebook A4,Stationery,2500.0,1800.0,30,12,2026-01-11,51.0,9,127500.0,6,1
4,Notebook A4,Stationery,2500.0,1800.0,30,12,2026-01-12,20.0,6,50000.0,0,0
4,Notebook A4,Stationery,2500.0,1800.0,30,12,2026-01-13,26.0,7,65000.0,1,0
4,Notebook A4,Stationery,2500.0,1800.0,30,12,2026-01-14,38.0,8,95000.0,2,0
4,Notebook A4,Stationery,2500.0,1800.0,30,12,2026-01-15,10.0,2,25000.0,3,0
4,Notebook A4,Stationery,2500.0,1800.0,30,12,2026-01-16,16.0,5,40000.0,4,0
4,Notebook A4,Stationery,2500.0,1800.0,30,12,2026-01-17,17.0,5,42500.0,5,1
4,Notebook A4,Stationery,2500.0,1800.0,30,12,2026-01-18,23.0,5,57500.0,6,1
4,Notebook A4,Stationery,2500.0,1800.0,30,12,2026-01-19,11.0,4,27500.0,0,0
4,Notebook A4,Stationery,2500.0,1800.0,30,12,2026-01-20,30.0,10,75000.0,1,0
4,Notebook A4,Stationery,2500.0,1800.0,30,12,2026-01-21,11.0,3,27500.0,2,0
4,Notebook A4,Stationery,2500.0,1800.0,30,12,2026-01-22,27.0,8,67500.0,3,0
4,Notebook A4,Stationery,2500.0,1800.0,30,12,2026-01-23,23.0,7,57500.0,4,0
4,Notebook A4,Stationery,2500.0,1800.0,30,12,2026-01-24,18.0,6,45000.0,5,1
4,Notebook A4,Stationery,2500.0,1800.0,30,12,2026-01-25,63.0,17,157500.0,6,1
4,Notebook A4,Stationery,2500.0,1800.0,30,12,2026-01-26,35.0,7,87500.0,0,0
4,Notebook A4,Stationery,2500.0,1800.0,30,12,2026-01-27,36.0,11,90000.0,1,0
4,Notebook A4,Stationery,2500.0,1800.0,30,12,2026-01-28,32.0,11,80000.0,2,0
4,Notebook A4,Stationery,2500.0,1800.0,30,12,2026-01-29,17.0,5,42500.0,3,0
4,Notebook A4,Stationery,2500.0,1800.0,30,12,2026-01-30,21.0,7,52500.0,4,0
4,Notebook A4,Stationery,2500.0,1800.0,30,12,2026-01-31,61.0,16,152500.0,5,1
4,Notebook A4,Stationery,2500.0,1800.0,30,12,2026-02-01,42.0,12,105000.0,6,1
4,Notebook A4,Stationery,2500.0,1800.0,30,12,2026-02-02,25.0,8,62500.0,0,0
4,Notebook A4,Stationery,2500.0,1800.0,30,12,2026-02-03,12.0,3,30000.0,1,0
4,Notebook A4,Stationery,2500.0,1800.0,30,12,2026-02-04,29.0,8,72500.0,2,0
4,Notebook A4,Stationery,2500.0,1800.0,30,12,2026-02-05,20.0,5,50000.0,3,0
4,Notebook A4,Stationery,2500.0,1800.0,30,12,2026-02-06,10.0,3,25000.0,4,0
4,Notebook A4,Stationery,2500.0,1800.0,30,12,2026-02-07,37.0,10,92500.0,5,1
4,Notebook A4,Stationery,2500.0,1800.0,30,12,2026-02-08,42.0,9,105000.0,6,1
4,Notebook A4,Stationery,2500.0,1800.0,30,12,2026-02-09,8.0,3,20000.0,0,0
4,Notebook A4,Stationery,2500.0,1800.0,30,12,2026-02-10,39.0,9,97500.0,1,0
4,Notebook A4,Stationery,2500.0,1800.0,30,12,2026-02-11,15.0,3,37500.0,2,0
4,Notebook A4,Stationery,2500.0,1800.0,30,12,2026-02-12,14.0,5,35000.0,3,0
4,Notebook A4,Stationery,2500.0,1800.0,30,12,2026-02-13,22.0,5,55000.0,4,0
4,Notebook A4,Stationery,2500.0,1800.0,30,12,2026-02-14,27.0,9,67500.0,5,1
4,Notebook A4,Stationery,2500.0,1800.0,30,12,2026-02-15,43.0,12,107500.0,6,1
4,Notebook A4,Stationery,2500.0,1800.0,30,12,2026-02-16,24.0,4,60000.0,0,0
4,Notebook A4,Stationery,2500.0,1800.0,30,12,2026-02-17,21.0,5,52500.0,1,0
4,Notebook A4,Stationery,2500.0,1800.0,30,12,2026-02-18,38.0,7,95000.0,2,0
4,Notebook A4,Stationery,2500.0,1800.0,30,12,2026-02-19,29.0,9,72500.0,3,0
4,Notebook A4,Stationery,2500.0,1800.0,30,12,2026-02-20,25.0,6,62500.0,4,0
4,Notebook A4,Stationery,2500.0,1800.0,30,12,2026-02-21,20.0,6,50000.0,5,1
4,Notebook A4,Stationery,2500.0,1800.0,30,12,2026-02-22,27.0,10,67500.0,6,1
4,Notebook A4,Stationery,2500.0,1800.0,30,12,2026-02-23,28.0,6,70000.0,0,0
4,Notebook A4,Stationery,2500.0,1800.0,30,12,2026-02-24,15.0,4,37500.0,1,0
4,Notebook A4,Stationery,2500.0,1800.0,30,12,2026-02-25,48.0,11,120000.0,2,0
4,Notebook A4,Stationery,2500.0,1800.0,30,12,2026-02-26,23.0,8,57500.0,3,0
4,Notebook A4,Stationery,2500.0,1800.0,30,12,2026-02-27,25.0,8,62500.0,4,0
4,Notebook A4,Stationery,2500.0,1800.0,30,12,2026-02-28,49.0,15,122500.0,5,1
4,Notebook A4,Stationery,2500.0,1800.0,30,12,2026-03-01,44.0,13,110000.0,6,1
4,Notebook A4,Stationery,2500.0,1800.0,30,12,2026-03-02,17.0,5,42500.0,0,0
4,Notebook A4,Stationery,2500.0,1800.0,30,12,2026-03-03,24.0,5,60000.0,1,0
4,Notebook A4,Stationery,2500.0,1800.0,30,12,2026-03-04,21.0,7,52500.0,2,0
4,Notebook A4,Stationery,2500.0,1800.0,30,12,2026-03-05,37.0,9,92500.0,3,0
4,Notebook A4,Stationery,2500.0,1800.0,30,12,2026-03-06,42.0,8,105000.0,4,0
4,Notebook A4,Stationery,2500.0,1800.0,30,12,2026-03-07,50.0,13,125000.0,5,1
4,Notebook A4,Stationery,2500.0,1800.0,30,12,2026-03-08,46.0,12,115000.0,6,1
4,Notebook A4,Stationery,2500.0,1800.0,30,12,2026-03-09,18.0,4,45000.0,0,0
4,Notebook A4,Stationery,2500.0,1800.0,30,12,2026-03-10,21.0,5,52500.0,1,0
4,Notebook A4,Stationery,2500.0,1800.0,30,12,2026-03-11,10.0,2,25000.0,2,0
4,Notebook A4,Stationery,2500.0,1800.0,30,12,2026-03-12,27.0,5,67500.0,3,0
4,Notebook A4,Stationery,2500.0,1800.0,30,12,2026-03-13,35.0,9,87500.0,4,0
4,Notebook A4,Stationery,2500.0,1800.0,30,12,2026-03-14,64.0,15,160000.0,5,1
4,Notebook A4,Stationery,2500.0,1800.0,30,12,2026-03-15,53.0,12,132500.0,6,1
4,Notebook A4,Stationery,2500.0,1800.0,30,12,2026-03-16,31.0,6,77500.0,0,0
4,Notebook A4,Stationery,2500.0,1800.0,30,12,2026-03-17,43.0,10,107500.0,1,0
4,Notebook A4,Stationery,2500.0,1800.0,30,12,2026-03-18,39.0,6,97500.0,2,0
4,Notebook A4,Stationery,2500.0,1800.0,30,12,2026-03-19,31.0,7,77500.0,3,0
4,Notebook A4,Stationery,2500.0,1800.0,30,12,2026-03-20,24.0,5,60000.0,4,0
4,Notebook A4,Stationery,2500.0,1800.0,30,12,2026-03-21,55.0,11,137500.0,5,1
4,Notebook A4,Stationery,2500.0,1800.0,30,12,2026-03-22,39.0,11,97500.0,6,1
4,Notebook A4,Stationery,2500.0,1800.0,30,12,2026-03-23,32.0,9,80000.0,0,0
4,Notebook A4,Stationery,2500.0,1800.0,30,12,2026-03-24,25.0,8,62500.0,1,0
4,Notebook A4,Stationery,2500.0,1800.0,30,12,2026-03-25,17.0,7,42500.0,2,0
4,Notebook A4,Stationery,2500.0,1800.0,30,12,2026-03-26,44.0,10,110000.0,3,0
4,Notebook A4,Stationery,2500.0,1800.0,30,12,2026-03-27,12.0,3,30000.0,4,0
4,Notebook A4,Stationery,2500.0,1800.0,30,12,2026-03-28,51.0,17,127500.0,5,1
4,Notebook A4,Stationery,2500.0,1800.0,30,12,2026-03-29,52.0,14,130000.0,6,1
4,Notebook A4,Stationery,2500.0,1800.0,30,12,2026-03-30,31.0,8,77500.0,0,0
4,Notebook A4,Stationery,2500.0,1800.0,30,12,2026-03-31,19.0,7,47500.0,1,0
4,Notebook A4,Stationery,2500.0,1800.0,30,12,2026-04-01,21.0,6,52500.0,2,0
4,Notebook A4,Stationery,2500.0,1800.0,30,12,2026-04-02,27.0,6,67500.0,3,0
4,Notebook A4,Stationery,2500.0,1800.0,30,12,2026-04-03,19.0,6,47500.0,4,0
4,Notebook A4,Stationery,2500.0,1800.0,30,12,2026-04-04,14.0,5,35000.0,5,1
4,Notebook A4,Stationery,2500.0,1800.0,30,12,2026-04-05,48.0,8,120000.0,6,1
4,Notebook A4,Stationery,2500.0,1800.0,30,12,2026-04-06,23.0,5,57500.0,0,0
4,Notebook A4,Stationery,2500.0,1800.0,30,12,2026-04-07,28.0,6,70000.0,1,0
4,Notebook A4,Stationery,2500.0,1800.0,30,12,2026-04-08,9.0,2,22500.0,2,0
4,Notebook A4,Stationery,2500.0,1800.0,30,12,2026-04-09,10.0,3,25000.0,3,0
4,Notebook A4,Stationery,2500.0,1800.0,30,12,2026-04-10,32.0,7,80000.0,4,0
4,Notebook A4,Stationery,2500.0,1800.0,30,12,2026-04-11,11.0,5,27500.0,5,1
4,Notebook A4,Stationery,2500.0,1800.0,30,12,2026-04-12,27.0,7,67500.0,6,1
4,Notebook A4,Stationery,2500.0,1800.0,30,12,2026-04-13,12.0,4,30000.0,0,0
4,Notebook A4,Stationery,2500.0,1800.0,30,12,2026-04-14,20.0,4,50000.0,1,0
4,Notebook A4,Stationery,2500.0,1800.0,30,12,2026-04-15,37.0,7,92500.0,2,0
4,Notebook A4,Stationery,2500.0,1800.0,30,12,2026-04-16,24.0,7,60000.0,3,0
4,Notebook A4,Stationery,2500.0,1800.0,30,12,2026-04-17,27.0,6,67500.0,4,0
4,Notebook A4,Stationery,2500.0,1800.0,30,12,2026-04-18,41.0,12,102500.0,5,1
4,Notebook A4,Stationery,2500.0,1800.0,30,12,2026-04-19,35.0,9,87500.0,6,1
4,Notebook A4,Stationery,2500.0,1800.0,30,12,2026-04-20,25.0,4,62500.0,0,0
4,Notebook A4,Stationery,2500.0,1800.0,30,12,2026-04-21,42.0,10,105000.0,1,0
4,Notebook A4,Stationery,2500.0,1800.0,30,12,2026-04-22,18.0,5,45000.0,2,0
4,Notebook A4,Stationery,2500.0,1800.0,30,12,2026-04-23,10.0,3,25000.0,3,0
